obsHistID,expMJD,filter,FWHMeff,fiveSigmaDepth
183767,59823.286523,g,1.093153,24.377204
183811,59823.307264,g,1.23193,24.289872
184047,59823.418685,z,0.908511,21.923566
185595,59825.256044,r,0.949096,24.128617
185736,59825.325979,g,1.242407,24.316968
185785,59825.352519,g,1.139232,24.436879
187493,59827.2603,z,0.807941,22.896684
187525,59827.278039,z,0.789221,22.990253
187546,59827.287816,z,0.748829,23.078407
187589,59827.307705,z,0.78313,23.152559
187603,59827.314787,z,0.737639,23.278169
